dataset,bertscore,meaningbert,bleu4,perplexity_gen,perplexity_orig,toxicity_gen,toxicity_orig
paradetox,0.9475076117742968,83.72224569320679,58.06722042930158,323.4124468762189,354.81846606642586,0.16889041005790892,0.9771397517339622
sbf_test,0.9588657096028328,89.37297463417053,1.210058155197702,,,4.63737820427923e-05,4.5390266659524056e-05
dynabench_test,0.9673341932892799,90.35996794700623,74.82210205861085,200.2588962125778,312.8366569709778,0.37373890598424625,0.49982607206162355
