dataset,bertscore,meaningbert,bleu4,perplexity_gen,perplexity_orig,toxicity_gen,toxicity_orig
paradetox,0.9351542426825635,80.43691515922546,49.58202781389661,223.89221068537182,354.81836553124486,0.03924082722830195,0.9771397442982155
microagressions_test,0.9798611283302308,94.67403888702393,77.26365676505723,86.85054580688477,108.89695592880248,0.02519506415233991,0.050521762808366476
sbf_test,0.9999999904632568,100.0,0.0,,,4.539026669590385e-05,4.539026669590385e-05
dynabench_test,0.9625563022494316,87.3112678527832,71.71756360143183,156.66710312366484,312.83592654705046,0.2513202368997554,0.4998260676877362
